INSERT INTO users (id, name, age) VALUES (1, "Ava", 25);
INSERT INTO users (id, name, age) VALUES (2, "Barry", 43);
INSERT INTO users (id, name, age) VALUES (3, "Carlos", 16);
INSERT INTO users (id, name, age) VALUES (4, "Danny", 23);
INSERT INTO users (id, name, age) VALUES (5, "Edith", 64);
INSERT INTO users (id, name, age) VALUES (6, "Felix", 32);
INSERT INTO users (id, name, age) VALUES (7, "Garrett", 27);
INSERT INTO users (id, name, age) VALUES (8, "Heidi", 18);
INSERT INTO users (id, name, age) VALUES (9, "Jennifer", 21);
INSERT INTO users (id, name, age) VALUES (10, "Kiana", 37);
INSERT INTO users (id, name, age) VALUES (11, "Lacey", 22);
INSERT INTO users (id, name, age) VALUES (12, "Marcus", 38);
INSERT INTO users (id, name, age) VALUES (13, "Nakita", 29);
INSERT INTO users (id, name, age) VALUES (14, "Owen", 26);
INSERT INTO users (id, name, age) VALUES (15, "Pietro", 53);
INSERT INTO users (id, name, age) VALUES (16, "Quinn", 23);
INSERT INTO users (id, name, age) VALUES (17, "Ryder", 12);
INSERT INTO users (id, name, age) VALUES (18, "Soleil", 30);
INSERT INTO users (id, name, age) VALUES (19, "Terrence", 61);
INSERT INTO users (id, name, age) VALUES (20, "Hunter", 28);


INSERT INTO projects (id, title, funding_goal, start_date, end_date) VALUES (1, "Acrobatics Appreciation", 5000, 2021, 2022);
INSERT INTO projects (id, title, funding_goal, start_date, end_date) VALUES (2, "Bears are Friends", 3000, 2020, 2022);
INSERT INTO projects (id, title, funding_goal, start_date, end_date) VALUES (3, "Cat Painting", 7000, 2021, 2023);
INSERT INTO projects (id, title, funding_goal, start_date, end_date) VALUES (4, "Dog Yoga", 4000, 2021, 2022);
INSERT INTO projects (id, title, funding_goal, start_date, end_date) VALUES (5, "Eggplant Growing", 2000, 2022, 2024);
INSERT INTO projects (id, title, funding_goal, start_date, end_date) VALUES (6, "Facial Massage", 10000, 2019, 2022);
INSERT INTO projects (id, title, funding_goal, start_date, end_date) VALUES (7, "Gymnastic Violinist", 12000, 2023, 2024);
INSERT INTO projects (id, title, funding_goal, start_date, end_date) VALUES (8, "Hedge Trimming", 6000, 2018, 2022);
INSERT INTO projects (id, title, funding_goal, start_date, end_date) VALUES (9, "Inspection Pros", 15000, 2021, 2025);
INSERT INTO projects (id, title, funding_goal, start_date, end_date) VALUES (10, "Jugglers Bootcamp", 20000, 2021, 2023);

INSERT INTO pledges (id, amount, user_id, project_id) VALUES (1, 500, 4, 2);
INSERT INTO pledges (id, amount, user_id, project_id) VALUES (2, 100, 20, 7);
INSERT INTO pledges (id, amount, user_id, project_id) VALUES (3, 700, 10, 5);
INSERT INTO pledges (id, amount, user_id, project_id) VALUES (4, 2500, 9, 8);
INSERT INTO pledges (id, amount, user_id, project_id) VALUES (5, 4500, 13, 9);
INSERT INTO pledges (id, amount, user_id, project_id) VALUES (6, 1000, 6, 10);
INSERT INTO pledges (id, amount, user_id, project_id) VALUES (7, 850, 18, 6);
INSERT INTO pledges (id, amount, user_id, project_id) VALUES (8, 600, 11, 1);
INSERT INTO pledges (id, amount, user_id, project_id) VALUES (9, 300, 7, 3);
INSERT INTO pledges (id, amount, user_id, project_id) VALUES (10, 100, 4, 4);
INSERT INTO pledges (id, amount, user_id, project_id) VALUES (11, 700, 1, 7);
INSERT INTO pledges (id, amount, user_id, project_id) VALUES (12, 2000, 12, 5);
INSERT INTO pledges (id, amount, user_id, project_id) VALUES (13, 3000, 9, 4);
INSERT INTO pledges (id, amount, user_id, project_id) VALUES (14, 900, 17, 6);
INSERT INTO pledges (id, amount, user_id, project_id) VALUES (15, 2400, 3, 8);
INSERT INTO pledges (id, amount, user_id, project_id) VALUES (16, 930, 11, 10);
INSERT INTO pledges (id, amount, user_id, project_id) VALUES (17, 1500, 18, 7);
INSERT INTO pledges (id, amount, user_id, project_id) VALUES (18, 3500, 4, 9);
INSERT INTO pledges (id, amount, user_id, project_id) VALUES (19, 700, 14, 5);
INSERT INTO pledges (id, amount, user_id, project_id) VALUES (20, 8500, 18, 8);
INSERT INTO pledges (id, amount, user_id, project_id) VALUES (21, 3000, 19, 7);
INSERT INTO pledges (id, amount, user_id, project_id) VALUES (22, 900, 3, 2);
INSERT INTO pledges (id, amount, user_id, project_id) VALUES (23, 7000, 10, 10);
INSERT INTO pledges (id, amount, user_id, project_id) VALUES (24, 800, 4, 7);
INSERT INTO pledges (id, amount, user_id, project_id) VALUES (25, 400, 15, 8);
INSERT INTO pledges (id, amount, user_id, project_id) VALUES (26, 200, 19, 3);
INSERT INTO pledges (id, amount, user_id, project_id) VALUES (27, 5000, 6, 5);
INSERT INTO pledges (id, amount, user_id, project_id) VALUES (28, 1300, 9, 1);
INSERT INTO pledges (id, amount, user_id, project_id) VALUES (29, 1700, 14, 9);
INSERT INTO pledges (id, amount, user_id, project_id) VALUES (30, 3400, 13, 8);
